{
    "risk_score": 70.66,
    "volatility": 785.6934794114965,
    "avg_spend": 772.9230769230769
}